Stack_ID,Mode,Strategy,T,D_in,D_ffw,D_attn,D_chunk_n,D_chunk_s,Total_MACs,Global_Loads,Global_Stores,Total_Traffic_Words,Intensity_MAC_Byte,Latency_ms,Latency_s,Perf_GMACs_s
0,tiled,Channel-First,116,192,384,432,144,48,34655232,456176,66816,522992,33.13170373542999,0.7814584000000001,0.0007814584000000001,44.34686734444213
0,full_matrix,Channel-First,116,192,384,432,144,48,34655232,456176,66816,522992,33.13170373542999,0.7814584000000001,0.0007814584000000001,44.34686734444213
0,naive,Channel-First,116,192,384,432,144,48,26303232,52740096,178176,52918272,0.24852693602693604,11.097389399999999,0.0110973894,2.3702179901878546
1,tiled,Channel-First,58,384,768,864,288,96,65435136,1236212,66816,1303028,25.10887563429182,1.5386356,0.0015386356000000002,42.528026779050215
1,full_matrix,Channel-First,58,384,768,864,288,96,65435136,1236212,66816,1303028,25.10887563429182,1.5386356,0.0015386356000000002,42.528026779050215
1,naive,Channel-First,58,384,768,864,288,96,51637632,103408896,178176,103587072,0.24924747366157815,21.7259644,0.0217259644,2.3767705336017215
2,tiled,Channel-First,29,768,1536,1728,576,192,128932608,4543469,66816,4610285,13.983149414840948,3.4402719999999998,0.003440272,37.47744596938847
2,full_matrix,Channel-First,29,768,1536,1728,576,192,128932608,4543469,66816,4610285,13.983149414840948,3.4402719999999998,0.003440272,37.47744596938847
2,naive,Channel-First,29,768,1536,1728,576,192,102790848,205715328,178176,205893504,0.2496213965060306,43.1863358,0.0431863358,2.3801706279512604
3,tiled,Channel-First,14,1536,3072,3456,1152,384,248027136,17811668,64512,17876180,6.9373640229624005,8.419516,0.008419516,29.458597857644076
3,full_matrix,Channel-First,14,1536,3072,3456,1152,384,248027136,17811668,64512,17876180,6.9373640229624005,8.419516,0.008419516,29.458597857644076
3,naive,Channel-First,14,1536,3072,3456,1152,384,198256128,396641280,172032,396813312,0.24981032894380317,83.23485240000001,0.0832348524,2.3818883830927535
4,tiled,Channel-First,29,768,1536,1728,576,192,128932608,4543469,66816,4610285,13.983149414840948,3.4402719999999998,0.003440272,37.47744596938847
4,full_matrix,Channel-First,29,768,1536,1728,576,192,128932608,4543469,66816,4610285,13.983149414840948,3.4402719999999998,0.003440272,37.47744596938847
4,naive,Channel-First,29,768,1536,1728,576,192,102790848,205715328,178176,205893504,0.2496213965060306,43.1863358,0.0431863358,2.3801706279512604
5,tiled,Channel-First,58,384,768,864,288,96,65435136,1236212,66816,1303028,25.10887563429182,1.5386356,0.0015386356000000002,42.528026779050215
5,full_matrix,Channel-First,58,384,768,864,288,96,65435136,1236212,66816,1303028,25.10887563429182,1.5386356,0.0015386356000000002,42.528026779050215
5,naive,Channel-First,58,384,768,864,288,96,51637632,103408896,178176,103587072,0.24924747366157815,21.7259644,0.0217259644,2.3767705336017215
